method,success_rate,avg_t_embed_ms,avg_t_extract_ms,avg_change_ratio,avg_detect_after
space,0.0,0.3604888883678036,0.020183335032521024,0.0,0.0
zw,0.0,1.1457111104391515,0.7196611097444676,4.839866940374899,0.5179661913610332
